City_ID,City,Country,Date,Lat,Lng,Max Temp,Humidity,Cloudiness,Wind Speed
0,Busselton,AU,2021-02-04 02:10:50,-33.65,115.3333,66.0,53,0,4.0
1,Batemans Bay,AU,2021-02-04 02:10:06,-35.7167,150.1833,79.0,79,98,17.0
2,Nanortalik,GL,2021-02-04 02:14:40,60.1432,-45.2371,15.64,83,33,15.57
3,Puerto Ayora,EC,2021-02-04 02:14:40,-0.7393,-90.3518,75.99,95,17,8.21
4,Port Elizabeth,ZA,2021-02-04 02:14:40,-33.918,25.5701,68.0,88,0,9.22
5,Port Alfred,ZA,2021-02-04 02:14:40,-33.5906,26.891,70.0,91,31,1.99
6,Camacha,PT,2021-02-04 02:14:40,33.0833,-16.3333,55.4,76,40,23.02
7,Sayville,US,2021-02-04 02:14:40,40.7359,-73.0821,34.0,69,90,9.22
8,Barrow,US,2021-02-04 02:10:01,71.2906,-156.7887,-25.6,68,1,14.97
9,Hasaki,JP,2021-02-04 02:14:40,35.7333,140.8333,50.0,50,20,12.66
10,Butaritari,KI,2021-02-04 02:14:40,3.0707,172.7902,81.52,83,67,15.19
11,Haines Junction,CA,2021-02-04 02:14:41,60.7522,-137.5108,-18.4,76,99,1.66
12,Mahebourg,MU,2021-02-04 02:14:41,-20.4081,57.7,77.0,88,40,2.3
13,Presidencia Roque Saenz Pena,AR,2021-02-04 02:14:41,-26.7852,-60.4388,70.0,94,55,1.99
14,Albany,US,2021-02-04 02:13:22,42.6001,-73.9662,28.0,63,66,8.99
15,Kidal,ML,2021-02-04 02:14:41,18.4411,1.4078,65.97,21,0,10.94
16,Mayo,US,2021-02-04 02:14:41,38.8876,-76.5119,39.2,52,20,9.22
17,Kapaa,US,2021-02-04 02:14:42,22.0752,-159.319,75.2,50,20,10.36
18,Kaohsiung,TW,2021-02-04 02:14:42,22.6163,120.3133,75.0,60,20,3.44
19,Rikitea,PF,2021-02-04 02:14:42,-23.1203,-134.9692,77.49,73,4,14.16
20,Hualmay,PE,2021-02-04 02:14:42,-11.0964,-77.6139,70.57,78,100,9.48
21,Mount Isa,AU,2021-02-04 02:14:42,-20.7333,139.5,93.2,40,40,12.66
22,Kathmandu,NP,2021-02-04 02:14:42,27.7167,85.3167,41.0,93,20,2.3
23,Saskylakh,RU,2021-02-04 02:12:09,71.9167,114.0833,-37.7,78,0,7.11
24,Eyl,SO,2021-02-04 02:14:42,7.9803,49.8164,68.07,75,0,17.16
25,Hermanus,ZA,2021-02-04 02:14:42,-34.4187,19.2345,61.0,93,70,4.43
26,Altach,AT,2021-02-04 02:14:43,47.3571,9.6475,46.0,93,0,10.36
27,Punta Cardon,VE,2021-02-04 02:14:43,11.6581,-70.215,77.52,83,93,24.36
28,Karratha,AU,2021-02-04 02:12:55,-20.7377,116.8463,85.1,73,6,15.55
29,Castro,BR,2021-02-04 02:11:19,-24.7911,-50.0119,68.41,89,100,0.94
30,Port Keats,AU,2021-02-04 02:14:43,-14.25,129.55,88.9,65,100,7.65
31,Hameenlinna,FI,2021-02-04 02:14:43,60.996,24.4643,1.4,85,20,6.91
32,Marigot,MF,2021-02-04 02:14:43,18.0667,-63.0833,80.6,78,20,10.36
33,Kaitangata,NZ,2021-02-04 02:14:43,-46.2817,169.8464,57.0,63,0,11.01
34,Bluff,NZ,2021-02-04 02:10:58,-46.6,168.3333,56.95,61,0,22.66
35,Ushuaia,AR,2021-02-04 02:13:10,-54.8,-68.3,51.8,62,75,6.91
36,Mount Gambier,AU,2021-02-04 02:14:44,-37.8333,140.7667,77.0,36,90,12.66
37,Victoria,HK,2021-02-04 02:13:36,22.2855,114.1577,68.0,60,0,1.01
38,Itarema,BR,2021-02-04 02:14:44,-2.9248,-39.9167,79.72,80,100,13.71
39,Codrington,AU,2021-02-04 02:14:44,-38.2667,141.9667,79.66,34,100,11.79
40,Nikolskoye,RU,2021-02-04 02:11:15,59.7035,30.7861,16.0,85,90,15.66
41,East London,ZA,2021-02-04 02:14:44,-33.0153,27.9116,72.81,84,46,16.62
42,Naze,JP,2021-02-04 02:14:44,28.3667,129.4833,62.6,63,20,6.91
43,Donskoy,RU,2021-02-04 02:14:45,53.9711,38.3363,30.18,99,97,9.91
44,Hilo,US,2021-02-04 02:14:46,19.7297,-155.09,78.8,57,75,10.36
45,Havelock,US,2021-02-04 02:14:46,34.8791,-76.9013,41.0,52,1,9.22
46,Taksimo,RU,2021-02-04 02:14:46,56.3444,114.8794,-21.6,80,100,1.39
47,Zhezkazgan,KZ,2021-02-04 02:14:46,47.8043,67.7144,15.39,91,100,4.32
48,Mastic Beach,US,2021-02-04 02:11:05,40.7668,-72.8521,34.0,60,90,11.5
49,Deputatskiy,RU,2021-02-04 02:12:10,69.3,139.9,-24.68,89,99,1.66
50,Nuuk,GL,2021-02-04 02:14:46,64.1835,-51.7216,6.8,61,20,4.61
51,Kumluca,TR,2021-02-04 02:14:46,36.3703,30.2869,58.68,54,0,3.74
52,Atuona,PF,2021-02-04 02:14:46,-9.8,-139.0333,78.17,71,0,9.66
53,Lakheri,IN,2021-02-04 02:14:46,25.6667,76.1667,60.8,88,75,1.63
54,Grindavik,IS,2021-02-04 02:14:47,63.8424,-22.4338,35.6,75,0,27.63
55,New Norfolk,AU,2021-02-04 02:14:47,-42.7826,147.0587,73.0,68,20,5.75
56,Vila Franca Do Campo,PT,2021-02-04 02:14:47,37.7167,-25.4333,51.8,71,40,5.75
57,Kavaratti,IN,2021-02-04 02:10:59,10.5669,72.642,81.27,63,76,7.25
58,Hofn,IS,2021-02-04 02:14:47,64.2539,-15.2082,31.24,91,61,14.38
59,Chokurdakh,RU,2021-02-04 02:14:47,70.6333,147.9167,0.19,93,84,11.5
60,Vestmannaeyjar,IS,2021-02-04 02:14:47,63.4427,-20.2734,37.47,79,100,31.16
61,Peno,RU,2021-02-04 02:14:47,56.9262,32.7426,13.75,97,67,5.97
62,Bambous Virieux,MU,2021-02-04 02:14:47,-20.3428,57.7575,77.0,88,40,2.3
63,Jamestown,US,2021-02-04 02:10:51,42.097,-79.2353,23.0,93,1,10.36
64,Praia Da Vitoria,PT,2021-02-04 02:14:48,38.7333,-27.0667,51.8,82,40,27.89
65,Faanui,PF,2021-02-04 02:14:48,-16.4833,-151.75,80.17,76,98,17.13
66,Bredasdorp,ZA,2021-02-04 02:14:48,-34.5322,20.0403,62.6,82,47,2.3
67,Tuktoyaktuk,CA,2021-02-04 02:14:48,69.4541,-133.0374,-41.8,66,20,6.91
68,Westport,US,2021-02-04 02:14:48,41.1415,-73.3579,32.0,69,88,1.01
69,Mataura,NZ,2021-02-04 02:10:51,-46.1927,168.8643,65.75,33,0,8.21
70,Pevek,RU,2021-02-04 02:14:48,69.7008,170.3133,-7.37,74,0,8.75
71,Winnemucca,US,2021-02-04 02:14:48,40.973,-117.7357,30.2,80,40,4.61
72,Kununurra,AU,2021-02-04 02:14:48,-15.7667,128.7333,82.4,83,75,19.57
73,Lalupon,NG,2021-02-04 02:14:49,7.4667,4.0667,74.73,89,23,2.46
74,Avarua,CK,2021-02-04 02:10:50,-21.2078,-159.775,86.0,70,40,9.22
75,Geraldton,AU,2021-02-04 02:11:22,-28.7667,114.6,75.2,50,75,26.46
76,Dikson,RU,2021-02-04 02:13:00,73.5069,80.5464,-12.39,91,86,11.43
77,Hobart,AU,2021-02-04 02:09:51,-42.8794,147.3294,73.0,68,20,5.75
78,Antofagasta,CL,2021-02-04 02:10:56,-23.65,-70.4,64.4,82,0,2.3
79,Upernavik,GL,2021-02-04 02:14:49,72.7868,-56.1549,-15.52,70,0,4.85
80,Maryville,US,2021-02-04 02:14:49,35.7565,-83.9705,35.6,48,40,2.57
81,Alice Springs,AU,2021-02-04 02:14:49,-23.7,133.8833,98.01,15,0,19.57
82,Portland,US,2021-02-04 02:14:45,45.5234,-122.6762,44.01,75,90,1.59
83,Kahului,US,2021-02-04 02:14:50,20.8947,-156.47,68.0,77,40,27.63
84,Hovd,MN,2021-02-04 02:11:50,48.0056,91.6419,14.58,82,100,3.65
85,Ballina,AU,2021-02-04 02:14:50,-28.8667,153.5667,80.6,57,40,10.36
86,Kabanjahe,ID,2021-02-04 02:14:50,3.1001,98.4908,78.8,94,75,8.05
87,Bolotnoye,RU,2021-02-04 02:14:50,55.6717,84.3981,5.7,96,47,8.86
88,Beyneu,KZ,2021-02-04 02:14:50,45.3167,55.2,38.57,81,99,4.85
89,Leshan,CN,2021-02-04 02:14:50,29.5623,103.7639,53.4,78,99,2.08
90,Kayes,ML,2021-02-04 02:14:50,14.0,-11.0,76.71,15,98,6.87
91,Saint-Joseph,RE,2021-02-04 02:14:50,-21.3667,55.6167,75.99,73,0,4.61
92,Ribeira Grande,PT,2021-02-04 02:14:51,38.5167,-28.7,55.2,65,97,29.21
93,Qaanaaq,GL,2021-02-04 02:10:52,77.484,-69.3632,-21.73,65,0,4.99
94,Zabid,YE,2021-02-04 02:14:51,14.1951,43.3152,69.87,74,0,7.2
95,Bilibino,RU,2021-02-04 02:14:51,68.0546,166.4372,-6.54,77,94,9.44
96,Cape Town,ZA,2021-02-04 02:13:19,-33.9258,18.4232,69.01,82,20,11.5
97,Tasiilaq,GL,2021-02-04 02:14:51,65.6145,-37.6368,20.48,95,84,11.65
98,Aykhal,RU,2021-02-04 02:14:51,66.0,111.5,-25.29,83,100,3.06
99,Jumla,NP,2021-02-04 02:14:51,29.2747,82.1838,32.36,69,0,3.91
100,Whitehorse,CA,2021-02-04 02:14:51,60.7161,-135.0538,-4.0,77,20,4.61
101,Lebu,CL,2021-02-04 02:14:51,-37.6167,-73.65,58.05,89,1,12.24
102,Leh,IN,2021-02-04 02:14:52,34.1667,77.5833,3.81,60,93,2.95
103,Gunjur,GM,2021-02-04 02:14:52,13.2019,-16.7339,69.8,68,0,7.25
104,Iquique,CL,2021-02-04 02:14:32,-20.2208,-70.1431,71.6,56,90,3.44
105,Swinoujscie,PL,2021-02-04 02:14:44,53.9105,14.2471,33.01,99,100,1.99
106,Clyde River,CA,2021-02-04 02:14:52,70.4692,-68.5914,-18.4,76,90,6.91
107,Tome,CL,2021-02-04 02:14:52,-36.6167,-72.95,55.4,100,90,4.61
108,Havre-Saint-Pierre,CA,2021-02-04 02:14:52,50.2334,-63.5986,26.6,86,90,14.97
109,Ambunti,PG,2021-02-04 02:14:52,-4.2365,142.8448,84.72,70,100,4.14
110,Praxedis Guerrero,MX,2021-02-04 02:14:52,31.3667,-106.0167,71.6,16,75,5.75
111,Vaini,TO,2021-02-04 02:14:53,-21.2,-175.2,84.2,84,75,8.05
112,Sao Filipe,CV,2021-02-04 02:14:53,14.8961,-24.4956,72.03,77,86,10.36
113,Cabo San Lucas,MX,2021-02-04 02:11:01,22.8909,-109.9124,69.01,77,20,3.44
114,Poum,NC,2021-02-04 02:14:53,-20.2333,164.0167,80.55,79,21,16.44
115,Xichang,CN,2021-02-04 02:14:53,27.8964,102.2634,49.44,51,78,1.41
116,Casper,US,2021-02-04 02:14:53,42.8666,-106.3131,25.0,80,90,16.11
117,Palana,RU,2021-02-04 02:14:53,59.1167,159.9667,21.92,93,40,20.11
118,Santa Cruz,BO,2021-02-04 02:14:25,-17.8,-63.1667,75.2,83,75,14.97
119,Prigorodka,RU,2021-02-04 02:14:53,52.0447,39.7124,33.8,100,90,6.71
120,Punta Arenas,CL,2021-02-04 02:12:04,-53.15,-70.9167,59.0,77,0,13.8
121,Ambon,ID,2021-02-04 02:14:54,-3.6954,128.1814,89.6,58,40,9.22
122,Roald,NO,2021-02-04 02:14:54,62.5833,6.1333,21.2,68,4,8.05
123,Belyy Yar,RU,2021-02-04 02:14:54,53.6039,91.3903,30.2,64,0,4.47
124,Vodnyy,RU,2021-02-04 02:14:54,63.5046,53.4095,2.61,94,100,2.37
125,Bereda,ES,2021-02-04 02:14:54,43.2686,-7.5406,48.0,96,96,8.99
126,Mackenzie,CA,2021-02-04 02:14:54,55.2999,-123.1698,10.4,85,90,6.91
127,Russell,US,2021-02-04 02:11:12,32.3502,-85.1999,41.0,60,1,4.16
128,San Patricio,US,2021-02-04 02:14:26,28.017,-97.5169,66.2,77,75,17.27
129,Ingham,US,2021-02-04 02:14:54,42.6,-84.3833,19.0,85,1,2.82
130,Cidreira,BR,2021-02-04 02:14:54,-30.1811,-50.2056,76.17,94,100,8.03
131,Tando Ghulam Ali,PK,2021-02-04 02:14:55,25.1311,68.8676,60.73,30,0,9.13
132,Beringovskiy,RU,2021-02-04 02:11:27,63.05,179.3167,2.05,92,100,17.49
133,Ginda,IN,2021-02-04 02:14:55,30.6945,78.4932,51.8,76,75,9.22
134,Quelimane,MZ,2021-02-04 02:14:55,-17.8786,36.8883,82.4,89,40,2.73
135,Lodwar,KE,2021-02-04 02:14:55,3.1191,35.5973,76.71,43,2,6.06
136,Jiazi,CN,2021-02-04 02:14:55,22.8779,116.067,66.47,57,0,11.95
137,Talnakh,RU,2021-02-04 02:14:55,69.4865,88.3972,-20.4,86,98,2.15
138,Torbay,CA,2021-02-04 02:14:55,47.6666,-52.7314,48.2,100,90,14.97
139,Sigiriya,LK,2021-02-04 02:14:55,7.9518,80.7426,70.0,92,21,4.07
140,Takaka,NZ,2021-02-04 02:14:56,-40.85,172.8,63.0,78,82,4.0
141,Maralal,KE,2021-02-04 02:14:56,1.0968,36.698,54.91,74,39,3.2
142,Nanchang,CN,2021-02-04 02:14:56,28.6833,115.8833,56.98,72,82,7.81
143,Pampa,US,2021-02-04 02:14:56,35.5362,-100.9599,66.2,27,1,14.97
144,Touros,BR,2021-02-04 02:14:56,-5.1989,-35.4608,78.8,78,20,6.91
145,Banjarmasin,ID,2021-02-04 02:14:56,-3.3244,114.591,80.6,83,40,8.05
146,Saint Anthony,US,2021-02-04 02:14:56,45.0205,-93.218,32.0,80,75,9.22
147,Yellowknife,CA,2021-02-04 02:14:09,62.456,-114.3525,-18.0,76,90,6.91
148,Olinda,BR,2021-02-04 02:14:57,-8.0089,-34.8553,78.8,69,40,5.75
149,Rawlins,US,2021-02-04 02:14:57,41.7911,-107.2387,27.0,50,90,21.85
150,Carnarvon,AU,2021-02-04 02:14:57,-24.8667,113.6333,82.4,100,90,31.07
151,Ponta Do Sol,PT,2021-02-04 02:11:18,32.6667,-17.1,53.01,68,8,3.0
152,Kualakapuas,ID,2021-02-04 02:14:57,-3.0091,114.3876,80.6,83,40,8.05
153,Bedesa,ET,2021-02-04 02:14:57,8.9,40.7833,56.12,37,0,3.2
154,Ouricuri,BR,2021-02-04 02:14:57,-7.8825,-40.0817,78.78,52,74,1.66
155,Muroto,JP,2021-02-04 02:14:58,33.2833,134.15,44.6,49,40,4.61
156,Coquimbo,CL,2021-02-04 02:14:58,-29.9533,-71.3436,59.0,88,20,6.91
157,Souillac,MU,2021-02-04 02:14:58,-20.5167,57.5167,77.0,88,40,2.3
158,Constitucion,CL,2021-02-04 02:10:56,-35.3333,-72.4167,64.85,60,0,8.66
159,Kodiak,US,2021-02-04 02:14:58,57.79,-152.4072,30.2,80,1,6.91
160,Rio Novo Do Sul,BR,2021-02-04 02:14:58,-20.8625,-40.9364,72.41,89,0,5.57
161,Srednekolymsk,RU,2021-02-04 02:11:34,67.45,153.6833,-17.79,87,32,4.09
162,Georgetown,MY,2021-02-04 02:13:00,5.4112,100.3354,80.6,69,20,4.61
163,Khandyga,RU,2021-02-04 02:14:59,62.6667,135.6,-46.91,74,21,1.14
164,Longyearbyen,SJ,2021-02-04 02:11:30,78.2186,15.6401,23.0,68,75,14.97
165,Qiongshan,CN,2021-02-04 02:14:59,20.0058,110.3542,69.8,83,75,8.95
166,Rabo De Peixe,PT,2021-02-04 02:14:59,37.8,-25.5833,51.8,71,40,8.05
167,Bethel,US,2021-02-04 02:11:35,41.3712,-73.414,30.2,64,90,8.05
168,Constantine,DZ,2021-02-04 02:14:59,36.365,6.6147,52.48,43,75,5.57
169,Khatanga,RU,2021-02-04 02:14:59,71.9667,102.5,-18.53,87,35,12.71
170,Jizan,SA,2021-02-04 02:15:00,17.3333,42.6667,71.6,88,0,3.44
171,Kavieng,PG,2021-02-04 02:15:00,-2.5744,150.7967,85.06,66,9,6.82
172,Mankono,CI,2021-02-04 02:15:00,8.0586,-6.1897,75.04,48,100,4.72
173,Djambala,CG,2021-02-04 02:15:00,-2.5447,14.7533,69.48,92,88,2.57
174,Port Augusta,AU,2021-02-04 02:15:00,-32.5,137.7667,68.0,56,90,11.5
175,Denpasar,ID,2021-02-04 02:13:15,-8.65,115.2167,86.0,70,20,6.91
176,Perpignan,FR,2021-02-04 02:15:00,42.75,2.75,51.01,93,90,1.14
177,Fortuna,US,2021-02-04 02:15:00,40.5982,-124.1573,46.99,81,1,9.22
178,Mercedes,AR,2021-02-04 02:15:01,-34.6515,-59.4307,68.0,78,63,8.61
179,Qeshm,IR,2021-02-04 02:15:01,26.9581,56.2719,53.6,71,0,4.61
180,Srandakan,ID,2021-02-04 02:15:01,-7.9386,110.2506,83.61,68,100,2.8
181,Tura,IN,2021-02-04 02:14:10,25.5198,90.2201,63.59,52,0,2.06
182,Cuiluan,CN,2021-02-04 02:15:01,47.72,128.648,-11.09,82,7,6.26
183,Desbiens,CA,2021-02-04 02:15:01,48.4178,-71.9495,30.2,74,90,10.36
184,Ous,RU,2021-02-04 02:15:01,60.9058,61.5186,5.22,92,44,5.08
185,Nayoro,JP,2021-02-04 02:15:02,44.3506,142.4578,14.45,91,94,12.77
186,Yuncheng,CN,2021-02-04 02:15:02,35.0231,110.9928,43.21,45,82,1.9
187,Smithers,CA,2021-02-04 02:14:38,54.7804,-127.1743,23.0,86,90,4.61
188,Qianguo,CN,2021-02-04 02:15:02,45.1171,124.8568,-3.66,85,84,7.54
189,Tiksi,RU,2021-02-04 02:11:07,71.6872,128.8694,-25.67,85,98,2.91
190,Tazovskiy,RU,2021-02-04 02:15:02,67.4667,78.7,-12.51,90,100,8.34
191,Prince Rupert,CA,2021-02-04 02:15:02,54.3161,-130.3201,39.2,93,90,10.36
192,Hailey,US,2021-02-04 02:15:03,43.5196,-114.3153,26.6,80,20,4.32
193,Gimli,CA,2021-02-04 02:15:03,50.6336,-96.9907,24.8,93,100,3.44
194,Sao Joao Da Barra,BR,2021-02-04 02:11:17,-21.6403,-41.0511,77.47,86,0,17.9
195,Tarquinia,IT,2021-02-04 02:15:03,42.2482,11.7553,52.0,92,61,17.0
196,Pakxe,LA,2021-02-04 02:13:24,15.1167,105.7833,68.0,64,0,2.3
197,Bilma,NE,2021-02-04 02:13:42,18.6853,12.9164,59.77,33,0,14.63
198,Ostrovnoy,RU,2021-02-04 02:15:03,68.0531,39.5131,10.72,93,100,12.86
199,Namibe,AO,2021-02-04 02:11:12,-15.1961,12.1522,70.47,76,54,8.66
200,Alofi,NU,2021-02-04 02:15:04,-19.0595,-169.9187,80.6,19,90,6.91
201,Bay City,US,2021-02-04 02:11:15,43.5945,-83.8889,26.6,59,1,5.75
202,Katsuura,JP,2021-02-04 02:14:16,35.1333,140.3,52.0,25,20,19.57
203,Nouadhibou,MR,2021-02-04 02:15:05,20.931,-17.0347,63.95,90,100,16.91
204,Tuatapere,NZ,2021-02-04 02:15:05,-46.1333,167.6833,65.71,44,0,9.35
205,Faya,SA,2021-02-04 02:15:05,18.3851,42.4509,55.4,35,0,3.31
206,Ilulissat,GL,2021-02-04 02:12:57,69.2167,-51.1,-5.8,41,7,10.36
207,Jaciara,BR,2021-02-04 02:15:06,-15.9653,-54.9683,74.66,81,13,1.7
208,Richards Bay,ZA,2021-02-04 02:15:06,-28.783,32.0377,74.05,91,100,5.86
209,Paka,MY,2021-02-04 02:15:06,4.6374,103.4368,73.4,94,40,2.3
210,Dunedin,NZ,2021-02-04 02:15:06,-45.8742,170.5036,55.0,68,0,21.99
211,Almeirim,BR,2021-02-04 02:15:07,-1.5233,-52.5817,77.43,81,16,5.23
212,Saint Simons,US,2021-02-04 02:15:07,31.1352,-81.3901,44.6,61,1,3.44
213,Arraial Do Cabo,BR,2021-02-04 02:11:43,-22.9661,-42.0278,76.64,86,0,22.35
214,Troina,IT,2021-02-04 02:15:07,37.7854,14.5985,53.01,93,0,8.05
215,Yarada,IN,2021-02-04 02:15:07,17.65,83.2667,59.0,88,0,2.3
216,Rio Gallegos,AR,2021-02-04 02:15:07,-51.6226,-69.2181,66.2,52,0,9.22
217,Kaeo,NZ,2021-02-04 02:14:57,-35.1,173.7833,73.62,58,36,8.28
218,Praya,CV,2021-02-04 02:15:08,14.9215,-23.5087,69.8,78,0,17.27
219,Sitka,US,2021-02-04 02:15:08,57.0531,-135.33,37.4,75,90,4.61
220,Sungairaya,ID,2021-02-04 02:15:08,0.7,108.9,81.45,75,78,10.18
221,Baruun-Urt,MN,2021-02-04 02:15:09,46.6806,113.2792,8.91,90,84,15.5
222,Ahipara,NZ,2021-02-04 02:15:09,-35.1667,173.1667,72.66,56,2,3.4
223,Esperance,AU,2021-02-04 02:15:09,-33.8667,121.9,60.8,55,90,20.71
224,Provideniya,RU,2021-02-04 02:12:10,64.3833,-173.3,-7.17,82,69,14.5
225,Rawson,AR,2021-02-04 02:13:11,-43.3002,-65.1023,72.18,49,13,12.59
226,Bo Rai,TH,2021-02-04 02:13:10,12.5728,102.5371,84.0,42,37,4.63
227,Mao,ES,2021-02-04 02:15:09,39.8885,4.2658,51.8,100,75,3.44
228,Acapulco,MX,2021-02-04 02:13:37,16.8634,-99.8901,80.6,74,20,5.75
229,Coihaique,CL,2021-02-04 02:15:10,-45.5752,-72.0662,71.6,56,0,3.44
230,Severo-Kurilsk,RU,2021-02-04 02:11:09,50.6789,156.125,11.16,92,100,31.38
231,Kerouane,GN,2021-02-04 02:15:10,9.2667,-9.0167,70.63,29,17,2.33
232,Trelleborg,SE,2021-02-04 02:15:10,55.3751,13.1569,26.6,86,20,12.66
233,Adre,TD,2021-02-04 02:15:10,13.4667,22.2,66.11,24,31,16.62
234,Mar Del Plata,AR,2021-02-04 02:10:58,-38.0023,-57.5575,66.99,82,40,12.66
235,Fort Nelson,CA,2021-02-04 02:15:11,58.8053,-122.7002,-7.6,77,75,6.91
236,Mehamn,NO,2021-02-04 02:15:11,71.0357,27.8492,29.1,93,100,21.43
237,Lagunas,PE,2021-02-04 02:15:11,-5.2269,-75.6753,76.05,90,100,2.44
238,Rybnaya Sloboda,RU,2021-02-04 02:15:11,55.4613,50.1409,19.4,86,90,8.95
239,Sistranda,NO,2021-02-04 02:15:12,63.7256,8.834,15.8,73,20,10.36
240,Nekhayevskiy,RU,2021-02-04 02:15:12,50.4106,41.7561,37.99,92,100,5.99
241,Lagoa,PT,2021-02-04 02:15:12,39.05,-27.9833,54.07,65,99,31.41
242,Oriximina,BR,2021-02-04 02:15:12,-1.7656,-55.8661,79.12,73,78,3.22
243,Yanam,IN,2021-02-04 02:15:12,16.7333,82.2167,69.8,88,20,4.61
244,Hambantota,LK,2021-02-04 02:15:13,6.1241,81.1185,75.2,88,90,11.5
245,Nelson Bay,AU,2021-02-04 02:15:13,-32.7167,152.15,88.0,54,0,8.05
246,Krasnoselkup,RU,2021-02-04 02:15:13,65.7,82.4667,-7.1,91,97,6.11
247,Boddam,GB,2021-02-04 02:15:13,57.4667,-1.7833,35.6,80,20,14.97
248,Egvekinot,RU,2021-02-04 02:15:13,66.3167,-179.1667,-27.06,83,11,18.16
249,Providencia,MX,2021-02-04 02:15:14,28.7167,-111.5833,70.0,46,80,3.71
250,Chernyshevskiy,RU,2021-02-04 02:15:14,63.0128,112.4714,-26.79,86,100,1.81
251,Broome,US,2021-02-04 02:15:14,42.2506,-75.833,28.0,58,90,17.27
252,Camopi,GF,2021-02-04 02:15:15,3.1655,-52.3158,73.56,97,100,2.73
253,Port Macquarie,AU,2021-02-04 02:15:15,-31.4333,152.9167,84.99,52,0,1.99
254,Boshan,CN,2021-02-04 02:15:15,36.4833,117.8333,43.0,23,54,3.0
255,Roebourne,AU,2021-02-04 02:15:15,-20.7833,117.1333,85.03,73,14,18.3
256,Trairi,BR,2021-02-04 02:15:16,-3.2778,-39.2689,79.5,78,100,11.32
257,Atbasar,KZ,2021-02-04 02:15:16,51.8,68.3333,23.61,98,100,7.78
258,Bengkulu,ID,2021-02-04 02:10:57,-3.8004,102.2655,82.53,70,85,4.54
259,San Quintin,MX,2021-02-04 02:15:16,30.4833,-115.95,60.67,78,25,12.3
260,Dzilam Gonzalez,MX,2021-02-04 02:15:16,21.2833,-88.9333,62.24,74,0,5.32
261,Airai,TL,2021-02-04 02:15:16,-8.9266,125.4092,62.47,100,100,3.29
262,Lima,PE,2021-02-04 02:14:00,-12.0432,-77.0282,77.0,83,0,9.22
263,Thompson,CA,2021-02-04 02:15:17,55.7435,-97.8558,-2.2,78,90,12.66
264,Lahaina,US,2021-02-04 02:15:17,20.8783,-156.6825,68.0,77,75,14.97
265,Iqaluit,CA,2021-02-04 02:15:17,63.7506,-68.5145,-4.0,77,90,2.3
266,Manhattan,US,2021-02-04 02:15:01,40.7834,-73.9662,33.8,59,90,11.59
267,Mahibadhoo,MV,2021-02-04 02:15:17,3.7833,72.9667,82.15,72,98,19.8
268,Los Reyes,MX,2021-02-04 02:15:17,19.35,-98.9667,69.8,13,1,6.91
269,Flinders,AU,2021-02-04 02:15:18,-34.5833,150.8552,82.99,65,2,5.01
270,Port-Gentil,GA,2021-02-04 02:15:18,-0.7193,8.7815,81.23,79,100,7.7
271,Muros,ES,2021-02-04 02:15:18,42.7762,-9.0603,53.01,86,1,13.98
272,Kuvshinovo,RU,2021-02-04 02:15:18,57.0295,34.1725,15.87,96,78,7.49
273,Warrington,GB,2021-02-04 02:15:18,53.3925,-2.5802,42.01,100,75,9.22
274,Pisco,PE,2021-02-04 02:13:33,-13.7,-76.2167,72.0,78,0,6.91
275,Road Town,VG,2021-02-04 02:11:20,18.4167,-64.6167,78.8,78,20,6.91
276,Auchel,FR,2021-02-04 02:15:19,50.5034,2.4735,44.01,98,89,12.03
277,Henties Bay,NA,2021-02-04 02:11:13,-22.116,14.2845,66.0,86,100,6.35
278,Ihosy,MG,2021-02-04 02:15:19,-22.4,46.1167,69.24,86,97,5.91
279,Tsaratanana,MG,2021-02-04 02:15:19,-16.7833,47.65,73.04,82,98,8.25
280,Labuhan,ID,2021-02-04 02:15:19,-6.8844,112.2051,78.76,87,100,14.09
281,Tammisaari,FI,2021-02-04 02:15:19,59.9736,23.4339,3.99,90,7,4.0
282,Manado,ID,2021-02-04 02:15:20,1.487,124.8455,78.8,83,40,3.44
283,Luderitz,NA,2021-02-04 02:13:51,-26.6481,15.1594,64.9,75,0,13.42
284,Urumqi,CN,2021-02-04 02:15:20,43.801,87.6005,14.0,85,96,2.24
285,Port Hedland,AU,2021-02-04 02:15:20,-20.3167,118.5667,87.8,62,75,10.36
286,Cabedelo,BR,2021-02-04 02:15:20,-6.9811,-34.8339,77.0,83,0,4.61
287,Cockburn Town,TC,2021-02-04 02:15:20,21.4612,-71.1419,72.77,56,69,5.66
288,Banda Aceh,ID,2021-02-04 02:15:20,5.5577,95.3222,80.6,74,4,14.63
289,Kodinsk,RU,2021-02-04 02:15:21,58.6881,99.1844,-6.77,90,95,2.59
290,Ussel,FR,2021-02-04 02:15:21,45.55,2.3167,43.0,68,50,1.66
291,Viesca,MX,2021-02-04 02:15:21,25.35,-102.8,77.0,19,75,4.76
292,Zyryanka,RU,2021-02-04 02:15:21,65.75,150.85,-19.98,86,100,19.35
293,Aranjuez,ES,2021-02-04 02:15:21,40.0311,-3.6025,54.0,78,98,4.16
294,Pangnirtung,CA,2021-02-04 02:11:26,66.1451,-65.7125,-12.48,77,60,2.64
295,Lakefield,US,2021-02-04 02:15:22,43.6775,-95.1717,35.01,93,40,18.41
296,Saint-Philippe,RE,2021-02-04 02:12:50,-21.3585,55.7679,75.99,73,0,4.61
297,Komsomolskiy,UZ,2021-02-04 02:15:22,40.4272,71.7189,30.2,74,0,4.61
298,Dnestrovsc,MD,2021-02-04 02:15:22,46.6222,29.9133,35.6,100,90,8.95
299,Pravia,ES,2021-02-04 02:15:22,43.4906,-6.1508,53.01,76,0,3.44
300,Namuac,PH,2021-02-04 02:15:22,18.6109,121.1657,72.09,85,98,16.2
301,Saldanha,ZA,2021-02-04 02:15:22,-33.0117,17.9442,60.8,94,4,8.05
302,Haysville,US,2021-02-04 02:13:54,37.5645,-97.3523,54.0,54,1,18.41
303,Vardo,NO,2021-02-04 02:15:22,70.3705,31.1107,29.37,93,100,21.83
304,Itoman,JP,2021-02-04 02:15:23,26.1247,127.6694,69.8,49,20,10.36
305,Byron Bay,AU,2021-02-04 02:15:23,-28.65,153.6167,80.6,57,40,10.36
306,Paragominas,BR,2021-02-04 02:14:19,-2.9667,-47.4833,74.86,75,56,3.4
307,Acarau,BR,2021-02-04 02:15:23,-2.8856,-40.12,79.57,81,100,14.56
308,Harper,LR,2021-02-04 02:15:23,4.375,-7.7169,78.17,88,0,7.4
309,Cao Bang,VN,2021-02-04 02:15:24,22.6667,106.25,65.48,74,100,3.47
310,Saint-Augustin,CA,2021-02-04 02:10:57,51.226,-58.6502,35.67,98,100,4.9
311,Klaksvik,FO,2021-02-04 02:15:24,62.2266,-6.589,33.8,86,75,9.22
312,Sungaipenuh,ID,2021-02-04 02:15:24,-2.0833,101.3833,72.79,79,93,1.92
313,Saint-Francois,FR,2021-02-04 02:15:24,46.4154,3.9054,39.2,87,0,4.61
314,San Andres,CO,2021-02-04 02:13:05,12.5847,-81.7006,78.8,65,75,11.5
315,Moose Factory,CA,2021-02-04 02:15:24,51.2585,-80.6094,12.2,92,90,5.75
316,Lasa,IT,2021-02-04 02:11:15,46.6166,10.7002,37.99,93,90,4.54
317,Monteagudo,BO,2021-02-04 02:15:25,-19.8167,-63.9833,66.45,91,100,3.38
318,Cairns,AU,2021-02-04 02:13:40,-16.9167,145.7667,89.01,66,98,6.91
319,Chuy,UY,2021-02-04 02:15:25,-33.6971,-53.4616,67.78,93,100,18.57
320,Saint George,US,2021-02-04 02:15:25,37.1041,-113.5841,55.4,35,1,11.5
321,Kruisfontein,ZA,2021-02-04 02:15:25,-34.0033,24.7314,66.99,87,38,5.75
322,Fairbanks,US,2021-02-04 02:11:06,64.8378,-147.7164,-5.8,77,90,3.44
323,Cavalcante,BR,2021-02-04 02:15:25,-13.7975,-47.4583,70.32,84,64,0.87
324,Caravelas,BR,2021-02-04 02:15:26,-17.7125,-39.2481,75.88,87,43,5.77
325,Leova,MD,2021-02-04 02:15:26,46.4786,28.2553,39.7,86,100,7.14
326,Batagay-Alyta,RU,2021-02-04 02:15:26,67.8006,130.4114,-37.25,71,28,1.23
327,Gao,ML,2021-02-04 02:15:26,16.6362,1.637,66.24,20,0,11.92
328,Matai,TZ,2021-02-04 02:15:26,-8.3,31.5167,58.66,87,98,3.24
329,Padang,ID,2021-02-04 02:14:28,-0.9492,100.3543,80.6,83,40,1.14
330,Yumen,CN,2021-02-04 02:15:27,40.2833,97.2,26.71,68,19,23.4
331,General Roca,AR,2021-02-04 02:15:27,-39.0333,-67.5833,68.0,68,0,8.66
332,Ciudad Ojeda,VE,2021-02-04 02:15:27,10.1964,-71.3082,80.17,72,100,8.61
333,Zhigansk,RU,2021-02-04 02:15:27,66.7697,123.3711,-41.17,79,48,8.9
334,Omboue,GA,2021-02-04 02:15:27,-1.5746,9.2618,78.1,87,100,4.63
335,Marawi,PH,2021-02-04 02:15:28,7.9986,124.2928,82.0,83,2,5.99
336,Takoradi,GH,2021-02-04 02:15:28,4.8845,-1.7554,79.48,86,0,6.8
337,Dudinka,RU,2021-02-04 02:15:28,69.4058,86.1778,-14.12,88,100,8.28
338,Kyra,RU,2021-02-04 02:15:28,49.5776,111.9753,7.61,85,60,3.0
339,The Valley,AI,2021-02-04 02:15:28,18.217,-63.0578,80.6,78,20,10.36
340,Saint-Louis,SN,2021-02-04 02:15:28,16.3333,-15.0,76.75,15,99,7.56
341,Conceicao Do Araguaia,BR,2021-02-04 02:15:29,-8.2578,-49.2647,75.6,88,100,2.28
342,Amahai,ID,2021-02-04 02:15:29,-3.3333,128.9167,86.88,61,100,3.06
343,Solnechnyy,RU,2021-02-04 02:11:20,50.7214,136.6319,-15.81,80,22,3.31
344,West Odessa,US,2021-02-04 02:15:29,31.8424,-102.4988,71.01,18,1,9.22
345,Isangel,VU,2021-02-04 02:15:29,-19.55,169.2667,83.57,67,90,13.89
346,Neyshabur,IR,2021-02-04 02:15:29,36.2133,58.7958,39.24,53,19,0.38
347,Naples,IT,2021-02-04 02:15:29,40.8333,14.25,54.0,93,75,2.3
348,Hami,CN,2021-02-04 02:15:29,42.8,93.45,27.41,81,12,4.07
349,Virginia Beach,US,2021-02-04 02:15:30,36.8529,-75.978,37.4,74,20,5.75
350,Beisfjord,NO,2021-02-04 02:15:30,68.3751,17.5988,25.0,84,61,1.99
351,Ayni,TJ,2021-02-04 02:15:30,39.3941,68.5377,27.99,58,0,4.81
352,Poykovskiy,RU,2021-02-04 02:15:30,61.2333,73.3333,5.0,92,40,6.71
353,Piste,MX,2021-02-04 02:15:30,20.7,-88.5833,61.97,72,2,4.94
354,Sovetskiy,RU,2021-02-04 02:15:30,61.3614,63.5842,1.69,92,23,5.37
355,Kungurtug,RU,2021-02-04 02:15:30,50.5994,97.5228,11.68,88,100,2.19
356,Belmonte,BR,2021-02-04 02:11:35,-15.8631,-38.8828,78.8,73,20,9.22
357,Springbok,ZA,2021-02-04 02:15:31,-29.6643,17.8865,60.42,56,0,2.26
358,Mikhaylovskoye,RU,2021-02-04 02:15:31,51.8239,79.7172,30.29,99,100,11.43
359,Svetlogorsk,BY,2021-02-04 02:15:31,52.6333,29.7333,33.06,99,100,6.29
360,Salalah,OM,2021-02-04 02:15:30,17.0151,54.0924,64.4,48,0,2.3
361,Kasamwa,TZ,2021-02-04 02:15:31,-2.85,32.4333,63.34,94,12,3.58
362,Peski,RU,2021-02-04 02:15:31,55.2163,38.7626,30.2,93,90,6.71
363,Sioux Lookout,CA,2021-02-04 02:11:05,50.1001,-91.917,30.2,74,90,4.61
364,Baykit,RU,2021-02-04 02:15:31,61.67,96.37,-10.86,86,95,1.66
365,Kunming,CN,2021-02-04 02:14:03,25.0389,102.7183,55.0,87,0,13.42
366,Jidong,CN,2021-02-04 02:14:24,45.2167,131.0833,-3.39,84,5,15.21
367,Fukue,JP,2021-02-04 02:11:28,32.6881,128.8419,50.0,76,75,12.66
368,Altay,CN,2021-02-04 02:15:32,47.8667,88.1167,14.9,88,100,1.23
369,Amazar,RU,2021-02-04 02:15:32,53.858,120.875,-19.68,78,22,1.9
370,Pochutla,MX,2021-02-04 02:15:32,15.7432,-96.4661,71.4,86,0,1.95
371,Pechora,RU,2021-02-04 02:15:32,65.1472,57.2244,1.36,94,95,4.27
372,San Diego De La Union,MX,2021-02-04 02:15:32,21.4667,-100.8667,68.0,24,100,6.6
373,Potosi,BO,2021-02-04 02:15:33,-19.5836,-65.7531,45.79,82,100,2.48
374,Olafsvik,IS,2021-02-04 02:15:33,64.8945,-23.7142,36.37,80,100,30.94
375,Lompoc,US,2021-02-04 02:15:33,34.6391,-120.4579,53.6,71,1,12.66
376,Kenai,US,2021-02-04 02:15:33,60.5544,-151.2583,17.6,86,90,9.22
377,Kangaatsiaq,GL,2021-02-04 02:15:33,68.3065,-53.4641,-4.27,86,61,10.45
378,Usogorsk,RU,2021-02-04 02:15:33,63.4106,48.6872,7.54,94,100,6.22
379,Mansoa,GW,2021-02-04 02:15:33,12.0733,-15.3189,69.75,52,84,3.83
380,Singaraja,ID,2021-02-04 02:14:00,-8.112,115.0882,81.55,73,84,5.86
381,Wanning,CN,2021-02-04 02:15:34,18.8003,110.3967,71.46,81,8,12.59
382,Port Moresby,PG,2021-02-04 02:15:34,-9.4431,147.1797,87.8,70,40,17.27
383,Maldonado,UY,2021-02-04 02:15:34,-34.6667,-54.9167,69.8,94,75,10.36
384,Cubara,CO,2021-02-04 02:15:34,7.0008,-72.1085,76.69,56,76,3.47
385,Warrnambool,AU,2021-02-04 02:15:34,-38.3833,142.4833,73.99,65,100,8.01
386,Sikasso,ML,2021-02-04 02:15:35,10.9167,-7.0,70.14,20,0,3.36
387,Nantucket,US,2021-02-04 02:11:11,41.2835,-70.0995,33.8,80,90,8.05
388,Jambi,ID,2021-02-04 02:10:51,-1.6,103.6167,79.84,78,100,6.67
389,Damaturu,NG,2021-02-04 02:15:35,11.747,11.9608,66.78,22,80,9.46
390,Oroville,US,2021-02-04 02:11:01,39.5138,-121.5564,51.8,62,75,5.75
391,Goderich,CA,2021-02-04 02:15:04,43.7501,-81.7165,14.0,85,0,3.44
392,Matara,LK,2021-02-04 02:15:35,5.9485,80.5353,75.76,80,66,7.36
393,Mwinilunga,ZM,2021-02-04 02:15:35,-11.7358,24.4293,61.25,91,99,1.57
394,Fengrun,CN,2021-02-04 02:15:36,39.8333,118.1167,39.0,56,0,8.79
395,Mikhaylovka,RU,2021-02-04 02:15:36,50.06,43.2379,39.24,97,100,8.28
396,Esfarayen,IR,2021-02-04 02:15:36,37.0765,57.5101,24.8,74,0,2.3
397,Bonthe,SL,2021-02-04 02:15:36,7.5264,-12.505,77.58,85,0,6.11
398,Honningsvag,NO,2021-02-04 02:15:36,70.9821,25.9704,30.7,91,100,25.46
399,Uribia,CO,2021-02-04 02:15:36,11.7139,-72.266,78.8,75,1,12.24
400,San Cristobal,VE,2021-02-04 02:10:53,7.7669,-72.225,67.64,76,59,1.36
401,Hithadhoo,MV,2021-02-04 02:15:00,-0.6,73.0833,82.71,73,90,8.9
402,Mushie,CD,2021-02-04 02:15:37,-3.0167,16.9,72.46,94,99,2.8
403,Saint-Pierre,RE,2021-02-04 02:15:37,-21.3393,55.4781,75.99,73,0,4.61
404,Mitzic,GA,2021-02-04 02:15:37,0.7821,11.549,69.67,97,100,2.73
405,Ibadan,NG,2021-02-04 02:15:37,7.3878,3.8964,75.45,86,0,3.02
406,Dingle,PH,2021-02-04 02:15:37,10.9995,122.6711,80.69,80,85,15.03
407,Vostok,RU,2021-02-04 02:15:37,46.4856,135.8833,-13.38,86,100,7.0
408,Grand Baie,MU,2021-02-04 02:15:37,-20.0182,57.5802,75.99,86,0,1.99
409,Keti Bandar,PK,2021-02-04 02:15:38,24.1447,67.4497,65.34,70,0,8.66
410,Katrineholm,SE,2021-02-04 02:15:38,58.9959,16.2072,17.6,79,90,8.05
411,Penzance,GB,2021-02-04 02:14:34,50.1186,-5.5371,45.0,87,20,9.22
412,Mudhol,IN,2021-02-04 02:15:38,16.35,75.2833,63.5,69,0,7.2
413,Cacule,BR,2021-02-04 02:15:38,-14.5033,-42.2222,70.21,93,100,4.9
414,Holt,US,2021-02-04 02:15:38,42.6406,-84.5153,21.2,85,1,3.18
415,Hamilton,US,2021-02-04 02:15:34,39.1834,-84.5333,27.0,86,1,0.87
416,Comodoro Rivadavia,AR,2021-02-04 02:15:38,-45.8667,-67.5,64.4,63,0,10.36
417,Mecca,SA,2021-02-04 02:15:05,21.4267,39.8261,73.74,80,0,2.62
418,Mandalgovi,MN,2021-02-04 02:15:39,45.7625,106.2708,13.75,80,0,14.09
419,Yashkul,RU,2021-02-04 02:15:39,46.1711,45.3435,42.57,83,100,9.89
420,Forest Acres,US,2021-02-04 02:15:39,34.0193,-80.9898,39.2,52,1,3.47
421,Hrinova,SK,2021-02-04 02:15:39,48.5779,19.5257,39.0,94,96,55.99
422,Oxbow,CA,2021-02-04 02:15:39,49.2333,-102.1676,1.99,84,100,11.01
423,Meulaboh,ID,2021-02-04 02:11:34,4.1363,96.1285,78.75,81,58,5.23
424,Cabra,ES,2021-02-04 02:15:39,37.4725,-4.4421,51.8,93,90,4.61
425,Metro,ID,2021-02-04 02:15:39,-5.1131,105.3067,78.82,84,94,10.54
426,Wazirganj,IN,2021-02-04 02:15:40,28.2167,79.05,58.01,56,50,7.11
427,Mezhdurechensk,RU,2021-02-04 02:15:40,53.6942,88.0603,28.58,97,100,11.54
428,Krasnogorsk,RU,2021-02-04 02:11:15,55.8225,37.3181,28.4,93,90,8.95
429,Presque Isle,US,2021-02-04 02:15:40,46.6811,-68.0159,30.2,93,90,10.36
430,Senno,RU,2021-02-04 02:11:22,59.5336,33.9167,21.99,91,100,3.94
431,Ponta Delgada,PT,2021-02-04 02:11:43,37.7333,-25.6667,51.8,71,40,5.75
432,Shieli,KZ,2021-02-04 02:15:41,44.1667,66.75,34.0,82,100,5.48
433,Altamirano,MX,2021-02-04 02:15:41,16.8833,-92.15,48.24,100,36,2.55
434,Suntar,RU,2021-02-04 02:12:09,62.1444,117.6319,-19.75,86,100,3.47
435,Bawku,GH,2021-02-04 02:15:41,11.0616,-0.2417,72.66,19,26,6.35
436,Linxia,CN,2021-02-04 02:15:41,35.6003,103.2064,31.87,61,100,1.77
437,Rudnya,RU,2021-02-04 02:15:41,54.947,31.0934,19.85,97,100,4.63
438,Lethem,GY,2021-02-04 02:15:41,3.3803,-59.7968,80.71,70,79,11.61
439,Narsaq,GL,2021-02-04 02:15:41,60.9167,-46.05,14.0,44,54,3.44
440,Vanavara,RU,2021-02-04 02:15:42,60.34,102.2797,-13.54,89,100,3.06
441,Port-Cartier,CA,2021-02-04 02:15:42,50.0334,-66.8654,27.0,86,100,9.22
442,Usolye,RU,2021-02-04 02:15:42,59.4268,56.6808,8.01,83,100,4.52
443,Prata,BR,2021-02-04 02:15:42,-19.3072,-48.9242,73.26,81,95,4.7
444,Mitsamiouli,KM,2021-02-04 02:15:42,-11.3847,43.2844,82.09,70,93,4.0
445,Saint-Denis,FR,2021-02-04 02:15:42,48.9167,2.3333,44.01,93,0,6.91
446,Roblin,CA,2021-02-04 02:15:42,51.23,-101.3565,3.67,93,100,16.46
447,Bismarck,US,2021-02-04 02:15:43,46.8083,-100.7837,17.6,73,90,24.16
448,Qusar,AZ,2021-02-04 02:15:43,41.4273,48.4289,45.72,51,100,4.18
449,Half Moon Bay,US,2021-02-04 02:15:43,37.4636,-122.4286,52.0,87,1,4.61
450,Bartica,GY,2021-02-04 02:15:43,6.4,-58.6167,77.0,94,75,4.61
451,Vao,NC,2021-02-04 02:15:43,-22.6667,167.4833,78.69,87,19,18.95
452,Los Llanos De Aridane,ES,2021-02-04 02:15:43,28.6585,-17.9182,62.6,88,90,2.3
453,Port Blair,IN,2021-02-04 02:15:04,11.6667,92.75,80.76,73,74,13.42
454,Tessalit,ML,2021-02-04 02:15:44,20.1986,1.0114,66.45,22,0,15.08
455,Linguere,SN,2021-02-04 02:15:44,15.3953,-15.1193,78.8,14,57,9.95
456,Morgaushi,RU,2021-02-04 02:15:44,55.9643,46.7743,19.4,100,75,6.71
457,Lufilufi,WS,2021-02-04 02:15:44,-13.8745,-171.5986,84.2,84,75,5.75
458,Karachi,PK,2021-02-04 02:15:36,24.9056,67.0822,53.6,87,0,4.61
459,Aracati,BR,2021-02-04 02:15:44,-4.5617,-37.7697,80.69,71,76,14.72
460,Gat,IL,2021-02-04 02:11:00,31.61,34.7642,60.01,60,32,1.01
461,Bulgan,MN,2021-02-04 02:15:45,48.8125,103.5347,14.23,83,11,5.53
462,Nabire,ID,2021-02-04 02:15:45,-3.3667,135.4833,84.83,67,94,1.68
463,Netrakona,BD,2021-02-04 02:15:45,24.8833,90.7167,61.61,61,0,5.95
464,Awbari,LY,2021-02-04 02:11:33,26.5921,12.7805,47.35,58,0,2.68
465,Aswan,EG,2021-02-04 02:15:17,24.0934,32.907,58.71,43,0,12.08
466,Lavrentiya,RU,2021-02-04 02:15:45,65.5833,-171.0,-16.37,83,0,15.21
467,Yulara,AU,2021-02-04 02:15:45,-25.2406,130.9889,93.2,36,40,18.41
468,Krasnokholm,RU,2021-02-04 02:15:45,51.5979,54.1567,34.3,97,100,5.39
469,Plymouth,US,2021-02-04 02:15:32,41.8334,-70.8328,33.8,69,90,4.61
470,Mangrol,IN,2021-02-04 02:15:46,21.1167,70.1167,64.74,73,0,9.84
471,Monrovia,LR,2021-02-04 02:15:46,6.3005,-10.7969,75.2,100,40,7.09
472,Cherskiy,RU,2021-02-04 02:15:46,68.75,161.3,5.4,79,46,8.97
473,Horsham,GB,2021-02-04 02:15:46,51.064,-0.3272,45.0,100,37,1.14
474,Pitimbu,BR,2021-02-04 02:15:46,-7.4706,-34.8086,77.0,83,0,4.61
475,Worland,US,2021-02-04 02:11:02,44.0169,-107.9554,25.0,86,1,11.5
476,Umm Kaddadah,SD,2021-02-04 02:15:47,13.6017,26.6876,70.84,21,0,17.65
477,Ust-Nera,RU,2021-02-04 02:11:23,64.5667,143.2,-15.14,80,100,4.45
478,Coruripe,BR,2021-02-04 02:15:47,-10.1256,-36.1756,77.52,82,94,10.47
479,Samandag,TR,2021-02-04 02:15:47,36.0842,35.9771,50.0,87,40,5.75
480,Wahiawa,US,2021-02-04 02:15:47,21.5028,-158.0236,73.4,94,75,4.61
481,Adamas,GR,2021-02-04 02:15:47,36.7333,24.4333,50.0,100,0,5.75
482,Galesburg,US,2021-02-04 02:14:48,40.9478,-90.3712,34.0,80,1,8.05
483,Palmer,US,2021-02-04 02:11:22,42.1584,-72.3287,32.0,64,90,11.5
484,Verkhnyaya Inta,RU,2021-02-04 02:15:48,65.9811,60.3094,5.58,94,98,10.2
485,Puerto Madryn,AR,2021-02-04 02:15:48,-42.7692,-65.0385,74.86,38,97,6.35
486,Datong,CN,2021-02-04 02:15:48,40.0936,113.2914,24.55,64,0,8.08
487,Dolores,AR,2021-02-04 02:15:48,-36.3132,-57.6792,59.54,82,21,8.16
488,Svetlaya,RU,2021-02-04 02:15:48,46.5389,138.3297,-0.33,81,16,5.26
489,Parabel,RU,2021-02-04 02:15:48,58.6978,81.4825,5.83,95,100,7.94
490,Greystones,IE,2021-02-04 02:15:48,53.1408,-6.0631,45.0,91,100,5.01
491,Talara,PE,2021-02-04 02:15:48,-4.5772,-81.2719,73.24,80,1,12.24
492,Surt,LY,2021-02-04 02:11:49,31.2089,16.5887,57.65,80,0,3.11
493,Sidi Ali,DZ,2021-02-04 02:15:49,36.0998,0.4206,55.02,68,100,1.03
494,Matamoros,MX,2021-02-04 02:15:49,25.5333,-103.25,77.0,19,75,5.59
495,Iquitos,PE,2021-02-04 02:15:49,-3.7481,-73.2472,78.8,89,40,4.61
496,Gazanjyk,TM,2021-02-04 02:15:49,39.2446,55.5154,46.17,56,100,1.19
497,Ola,RU,2021-02-04 02:15:49,59.5833,151.2833,3.0,86,62,19.42
498,Ribeira Brava,PT,2021-02-04 02:15:49,32.65,-17.0667,53.01,74,6,5.99
499,Spornoye,RU,2021-02-04 02:15:49,50.8448,37.2913,35.6,100,90,11.18
500,Asau,RO,2021-02-04 02:15:49,46.4333,26.4,39.99,65,82,6.08
501,Muscat,OM,2021-02-04 02:15:49,23.6139,58.5922,62.6,82,0,3.44
502,Maiduguri,NG,2021-02-04 02:15:50,11.8464,13.1603,66.0,32,50,7.94
503,San Joaquin,US,2021-02-04 02:15:50,37.9333,-121.3011,54.0,66,40,11.5
504,Tsiroanomandidy,MG,2021-02-04 02:15:50,-18.7667,46.0333,67.23,84,2,1.19
505,Lorengau,PG,2021-02-04 02:15:50,-2.0226,147.2712,83.37,70,100,3.4
506,Oktyabrskoye,RU,2021-02-04 02:15:50,43.0645,44.7417,26.6,86,96,6.71
507,Inirida,CO,2021-02-04 02:15:50,3.8653,-67.9239,76.32,89,100,1.95
508,Thunder Bay,CA,2021-02-04 02:15:04,48.4001,-89.3168,30.2,86,90,6.91
509,Las Vegas,US,2021-02-04 02:13:33,36.175,-115.1372,68.0,22,1,13.8
510,Betong,TH,2021-02-04 02:15:51,5.7743,101.0723,76.14,63,86,2.86
511,Haapiti,PF,2021-02-04 02:15:51,-17.5667,-149.8667,80.6,78,40,2.3
512,Tezu,IN,2021-02-04 02:15:51,27.9167,96.1667,68.63,29,10,1.1
513,Bomet,KE,2021-02-04 02:15:51,-0.7813,35.3416,52.32,69,61,3.4
514,Milkovo,RU,2021-02-04 02:15:51,54.7167,158.6167,11.07,84,100,20.18
515,Churapcha,RU,2021-02-04 02:15:51,62.0025,132.4325,-42.9,77,4,2.84
516,Proletariy,RU,2021-02-04 02:15:51,58.4342,31.7046,18.14,97,100,9.1
517,Anzio,IT,2021-02-04 02:15:52,41.4853,12.6179,54.0,86,100,4.0
518,Adrar,MR,2021-02-04 02:15:52,20.5022,-10.0711,65.73,25,41,4.76
519,Chimbote,PE,2021-02-04 02:14:23,-9.0853,-78.5783,69.28,80,88,6.04
520,Aksu,CN,2021-02-04 02:15:52,41.1231,80.2644,20.37,88,0,0.78
521,Arrifes,PT,2021-02-04 02:15:52,37.7667,-25.7,51.8,71,40,8.05
522,Sorland,NO,2021-02-04 02:15:52,67.667,12.6934,35.28,80,70,25.5
523,Tiznit,MA,2021-02-04 02:15:52,29.5833,-9.5,64.24,34,14,4.27
524,Rapar,IN,2021-02-04 02:15:52,23.5667,70.6333,62.56,84,0,8.23
525,Pokrovskoye,RU,2021-02-04 02:15:53,47.4157,38.8971,45.0,10,100,4.0
526,Xuddur,SO,2021-02-04 02:15:53,4.1213,43.8894,63.7,95,28,13.82
527,Bishop Auckland,GB,2021-02-04 02:15:53,54.6555,-1.6771,37.99,87,100,1.01
528,Thayetmyo,MM,2021-02-04 02:15:53,19.3167,95.1833,70.05,27,0,3.67
529,Carutapera,BR,2021-02-04 02:11:27,-1.195,-46.02,78.4,85,2,7.09
530,Gamba,GA,2021-02-04 02:15:53,-2.65,10.0,78.3,87,100,4.7
531,Puerto Lempira,HN,2021-02-04 02:15:53,15.2667,-83.7667,72.27,69,1,10.11
532,Zaraza,VE,2021-02-04 02:15:53,9.3503,-65.3245,76.87,76,23,7.7
533,Oksovskiy,RU,2021-02-04 02:15:54,62.6062,39.8984,15.39,97,100,7.05
534,Vila Velha,BR,2021-02-04 02:15:54,-20.3297,-40.2925,78.8,83,40,5.75
535,Puerto Carreno,CO,2021-02-04 02:15:54,6.189,-67.4859,85.95,54,93,3.4
536,Okato,NZ,2021-02-04 02:15:54,-39.2,173.8833,72.0,69,0,5.99
537,Miles City,US,2021-02-04 02:14:07,46.4083,-105.8406,19.4,73,90,14.97
538,Saint-Leu,RE,2021-02-04 02:15:54,-21.15,55.2833,75.99,57,0,2.57
539,Robertsport,LR,2021-02-04 02:11:36,6.7533,-11.3686,79.83,86,19,8.99
540,Abbeville,FR,2021-02-04 02:15:55,50.1,1.8333,43.0,81,61,8.88
541,Pangai,TO,2021-02-04 02:15:55,-19.8,-174.35,86.0,79,75,5.75
542,Colares,PT,2021-02-04 02:15:55,38.7992,-9.4469,55.99,92,100,6.49
543,Cauquenes,CL,2021-02-04 02:15:55,-35.9671,-72.3225,69.37,38,0,4.36
544,Kourou,GF,2021-02-04 02:15:55,5.1552,-52.6478,80.6,83,75,13.8
545,Sakakah,SA,2021-02-04 02:15:55,29.9697,40.2064,64.4,55,75,21.85
546,Matagami,CA,2021-02-04 02:15:55,49.7502,-77.6328,5.0,92,1,8.05
547,Manokwari,ID,2021-02-04 02:15:55,-0.8667,134.0833,82.53,74,100,6.73
548,Iskilip,TR,2021-02-04 02:15:56,40.7353,34.4739,42.73,64,84,0.98
549,Luanda,AO,2021-02-04 02:15:56,-8.8368,13.2343,78.8,83,20,6.91
550,Talcahuano,CL,2021-02-04 02:15:56,-36.7167,-73.1167,55.4,100,90,4.61
551,Aubenas,FR,2021-02-04 02:15:56,44.6201,4.3899,46.0,96,28,1.01
552,Miandrivazo,MG,2021-02-04 02:15:56,-19.5167,45.4667,80.06,74,34,3.85
553,Tahta,EG,2021-02-04 02:15:56,26.7693,31.5021,55.4,47,0,11.5
554,La Rioja,ES,2021-02-04 02:15:56,42.25,-2.5,48.2,93,75,1.14
555,Morondava,MG,2021-02-04 02:15:56,-20.2833,44.2833,82.15,84,47,7.02
556,Evensk,RU,2021-02-04 02:12:10,61.95,159.2333,10.02,89,99,34.92
557,Halifax,CA,2021-02-04 02:15:56,44.6453,-63.5724,39.99,100,100,4.61
558,Shingu,JP,2021-02-04 02:15:57,33.7333,135.9833,48.2,43,75,2.3
559,Nemuro,JP,2021-02-04 02:11:50,43.3236,145.575,8.6,66,20,1.14
560,Taltal,CL,2021-02-04 02:15:57,-25.4,-70.4833,65.8,72,39,4.16
561,Havoysund,NO,2021-02-04 02:15:57,70.9963,24.6622,26.6,68,40,23.02
562,Lydenburg,ZA,2021-02-04 02:15:57,-25.0978,30.4597,59.31,92,1,0.58
563,Nowy Targ,PL,2021-02-04 02:15:57,49.4778,20.0323,41.0,81,40,25.32
564,Honiara,SB,2021-02-04 02:15:58,-9.4333,159.95,76.69,86,100,5.99
565,Te Anau,NZ,2021-02-04 02:15:58,-45.4167,167.7167,66.34,41,4,1.32
566,Pangkalanbuun,ID,2021-02-04 02:15:15,-2.6833,111.6167,81.81,75,100,3.78
567,Luba,GQ,2021-02-04 02:15:58,3.4568,8.5547,80.47,82,96,7.47
568,Canto Do Buriti,BR,2021-02-04 02:15:58,-8.11,-42.9444,79.16,57,74,1.59
569,Kurumkan,RU,2021-02-04 02:15:58,54.3,110.3,-6.21,86,100,0.85
570,Sola,VU,2021-02-04 02:15:58,-13.8833,167.55,81.81,79,100,11.03
571,Gizo,SB,2021-02-04 02:15:58,-8.103,156.8419,82.99,80,100,16.15
572,Alibag,IN,2021-02-04 02:15:58,18.6411,72.8792,75.2,53,38,4.61
